{"singleline": [[1625097600000, 2.1466233247456237, 7, 2021], [1627776000000, 1.7575984114252894, 8, 2021], [1630454400000, 1.0625275100746845, 9, 2021], [1633046400000, 0.39733795665621513, 10, 2021], [1635724800000, 0.1484382165624055, 11, 2021], [1638316800000, 0.4686582895932404, 12, 2021], [1640995200000, 0.6003058006798764, 1, 2022], [1643673600000, -0.09070141974163042, 2, 2022], [1646092800000, -0.055581794724960325, 3, 2022]], "multiline": {"min": [[1625097600000, 1.0715792771422334], [1625097600000, 1.0715792771422334], [1625097600000, 1.0715792771422334], [1625097600000, 1.0715792771422334], [1625097600000, 1.0715792771422334], [1625097600000, 1.0715792771422334], [1625097600000, 1.0715792771422334], [1625097600000, 1.0715792771422334], [1627776000000, -0.059007633451489204], [1627776000000, -0.059007633451489204], [1627776000000, -0.059007633451489204], [1627776000000, -0.059007633451489204], [1627776000000, -0.059007633451489204], [1627776000000, -0.059007633451489204], [1627776000000, -0.059007633451489204], [1627776000000, -0.059007633451489204], [1630454400000, -0.29046172050204294], [1630454400000, -0.29046172050204294], [1630454400000, -0.29046172050204294], [1630454400000, -0.29046172050204294], [1630454400000, -0.29046172050204294], [1630454400000, -0.29046172050204294], [1630454400000, -0.29046172050204294], [1630454400000, -0.29046172050204294], [1633046400000, -1.1888617633319483], [1633046400000, -1.1888617633319483], [1633046400000, -1.1888617633319483], [1633046400000, -1.1888617633319483], [1633046400000, -1.1888617633319483], [1633046400000, -1.1888617633319483], [1633046400000, -1.1888617633319483], [1633046400000, -1.1888617633319483], [1635724800000, -2.0499205059706127], [1635724800000, -2.0499205059706127], [1635724800000, -2.0499205059706127], [1635724800000, -2.0499205059706127], [1635724800000, -2.0499205059706127], [1635724800000, -2.0499205059706127], [1635724800000, -2.0499205059706127], [1635724800000, -2.0499205059706127], [1638316800000, -2.2479678334259408], [1638316800000, -2.2479678334259408], [1638316800000, -2.2479678334259408], [1638316800000, -2.2479678334259408], [1638316800000, -2.2479678334259408], [1638316800000, -2.2479678334259408], [1638316800000, -2.2479678334259408], [1638316800000, -2.2479678334259408], [1640995200000, -0.9453227010649671], [1640995200000, -0.9453227010649671], [1640995200000, -0.9453227010649671], [1640995200000, -0.9453227010649671], [1640995200000, -0.9453227010649671], [1640995200000, -0.9453227010649671], [1640995200000, -0.9453227010649671], [1640995200000, -0.9453227010649671], [1643673600000, -1.050378632410478], [1643673600000, -1.050378632410478], [1643673600000, -1.050378632410478], [1643673600000, -1.050378632410478], [1643673600000, -1.050378632410478], [1643673600000, -1.050378632410478], [1643673600000, -1.050378632410478], [1643673600000, -1.050378632410478], [1646092800000, -2.1116151004925836], [1646092800000, -2.1116151004925836], [1646092800000, -2.1116151004925836], [1646092800000, -2.1116151004925836], [1646092800000, -2.1116151004925836], [1646092800000, -2.1116151004925836], [1646092800000, -2.1116151004925836], [1646092800000, -2.1116151004925836]], "max": [[1625097600000, 3.6785867779097075], [1625097600000, 3.6785867779097075], [1625097600000, 3.6785867779097075], [1625097600000, 3.6785867779097075], [1625097600000, 3.6785867779097075], [1625097600000, 3.6785867779097075], [1625097600000, 3.6785867779097075], [1625097600000, 3.6785867779097075], [1627776000000, 3.1259573988798186], [1627776000000, 3.1259573988798186], [1627776000000, 3.1259573988798186], [1627776000000, 3.1259573988798186], [1627776000000, 3.1259573988798186], [1627776000000, 3.1259573988798186], [1627776000000, 3.1259573988798186], [1627776000000, 3.1259573988798186], [1630454400000, 1.9081082330555865], [1630454400000, 1.9081082330555865], [1630454400000, 1.9081082330555865], [1630454400000, 1.9081082330555865], [1630454400000, 1.9081082330555865], [1630454400000, 1.9081082330555865], [1630454400000, 1.9081082330555865], [1630454400000, 1.9081082330555865], [1633046400000, 2.1108544373346123], [1633046400000, 2.1108544373346123], [1633046400000, 2.1108544373346123], [1633046400000, 2.1108544373346123], [1633046400000, 2.1108544373346123], [1633046400000, 2.1108544373346123], [1633046400000, 2.1108544373346123], [1633046400000, 2.1108544373346123], [1635724800000, 1.5732429317273329], [1635724800000, 1.5732429317273329], [1635724800000, 1.5732429317273329], [1635724800000, 1.5732429317273329], [1635724800000, 1.5732429317273329], [1635724800000, 1.5732429317273329], [1635724800000, 1.5732429317273329], [1635724800000, 1.5732429317273329], [1638316800000, 1.6651689262755656], [1638316800000, 1.6651689262755656], [1638316800000, 1.6651689262755656], [1638316800000, 1.6651689262755656], [1638316800000, 1.6651689262755656], [1638316800000, 1.6651689262755656], [1638316800000, 1.6651689262755656], [1638316800000, 1.6651689262755656], [1640995200000, 1.758577410144673], [1640995200000, 1.758577410144673], [1640995200000, 1.758577410144673], [1640995200000, 1.758577410144673], [1640995200000, 1.758577410144673], [1640995200000, 1.758577410144673], [1640995200000, 1.758577410144673], [1640995200000, 1.758577410144673], [1643673600000, 1.6310651906691362], [1643673600000, 1.6310651906691362], [1643673600000, 1.6310651906691362], [1643673600000, 1.6310651906691362], [1643673600000, 1.6310651906691362], [1643673600000, 1.6310651906691362], [1643673600000, 1.6310651906691362], [1643673600000, 1.6310651906691362], [1646092800000, 2.1095466138178463], [1646092800000, 2.1095466138178463], [1646092800000, 2.1095466138178463], [1646092800000, 2.1095466138178463], [1646092800000, 2.1095466138178463], [1646092800000, 2.1095466138178463], [1646092800000, 2.1095466138178463], [1646092800000, 2.1095466138178463]],