{"singleline": [[1619827200000, -0.0017726310912746129, 5, 2021], [1622505600000, 0.5950083521599113, 6, 2021], [1625097600000, 0.6119206454498047, 7, 2021], [1627776000000, 0.5018486337924495, 8, 2021], [1630454400000, 1.0737397518492953, 9, 2021], [1633046400000, 0.43273959118325483, 10, 2021], [1635724800000, 0.2827652307972014, 11, 2021], [1638316800000, -0.17957929244194212, 12, 2021], [1640995200000, 0.9882966603814721, 1, 2022]], "multiline": {"min": [[1619827200000, -0.437016408356535], [1619827200000, -0.437016408356535], [1619827200000, -0.437016408356535], [1619827200000, -0.437016408356535], [1619827200000, -0.437016408356535], [1619827200000, -0.437016408356535], [1619827200000, -0.437016408356535], [1619827200000, -0.437016408356535], [1622505600000, -0.42528334635975856], [1622505600000, -0.42528334635975856], [1622505600000, -0.42528334635975856], [1622505600000, -0.42528334635975856], [1622505600000, -0.42528334635975856], [1622505600000, -0.42528334635975856], [1622505600000, -0.42528334635975856], [1622505600000, -0.42528334635975856], [1625097600000, -0.528880072719074], [1625097600000, -0.528880072719074], [1625097600000, -0.528880072719074], [1625097600000, -0.528880072719074], [1625097600000, -0.528880072719074], [1625097600000, -0.528880072719074], [1625097600000, -0.528880072719074], [1625097600000, -0.528880072719074], [1627776000000, -0.8687228522137453], [1627776000000, -0.8687228522137453], [1627776000000, -0.8687228522137453], [1627776000000, -0.8687228522137453], [1627776000000, -0.8687228522137453], [1627776000000, -0.8687228522137453], [1627776000000, -0.8687228522137453], [1627776000000, -0.8687228522137453], [1630454400000, 0.7205706083363924], [1630454400000, 0.7205706083363924], [1630454400000, 0.7205706083363924], [1630454400000, 0.7205706083363924], [1630454400000, 0.7205706083363924], [1630454400000, 0.7205706083363924], [1630454400000, 0.7205706083363924], [1630454400000, 0.7205706083363924], [1633046400000, -0.9925686126431522], [1633046400000, -0.9925686126431522], [1633046400000, -0.9925686126431522], [1633046400000, -0.9925686126431522], [1633046400000, -0.9925686126431522], [1633046400000, -0.9925686126431522], [1633046400000, -0.9925686126431522], [1633046400000, -0.9925686126431522], [1635724800000, -1.7030235818250383], [1635724800000, -1.7030235818250383], [1635724800000, -1.7030235818250383], [1635724800000, -1.7030235818250383], [1635724800000, -1.7030235818250383], [1635724800000, -1.7030235818250383], [1635724800000, -1.7030235818250383], [1635724800000, -1.7030235818250383], [1638316800000, -1.0040601628480796], [1638316800000, -1.0040601628480796], [1638316800000, -1.0040601628480796], [1638316800000, -1.0040601628480796], [1638316800000, -1.0040601628480796], [1638316800000, -1.0040601628480796], [1638316800000, -1.0040601628480796], [1638316800000, -1.0040601628480796], [1640995200000, 0.31208016313303233], [1640995200000, 0.31208016313303233], [1640995200000, 0.31208016313303233], [1640995200000, 0.31208016313303233], [1640995200000, 0.31208016313303233], [1640995200000, 0.31208016313303233], [1640995200000, 0.31208016313303233], [1640995200000, 0.31208016313303233]], "max": [[1619827200000, 0.46920039047502643], [1619827200000, 0.46920039047502643], [1619827200000, 0.46920039047502643], [1619827200000, 0.46920039047502643], [1619827200000, 0.46920039047502643], [1619827200000, 0.46920039047502643], [1619827200000, 0.46920039047502643], [1619827200000, 0.46920039047502643], [1622505600000, 2.023148176914819], [1622505600000, 2.023148176914819], [1622505600000, 2.023148176914819], [1622505600000, 2.023148176914819], [1622505600000, 2.023148176914819], [1622505600000, 2.023148176914819], [1622505600000, 2.023148176914819], [1622505600000, 2.023148176914819], [1625097600000, 2.0556303116770342], [1625097600000, 2.0556303116770342], [1625097600000, 2.0556303116770342], [1625097600000, 2.0556303116770342], [1625097600000, 2.0556303116770342], [1625097600000, 2.0556303116770342], [1625097600000, 2.0556303116770342], [1625097600000, 2.0556303116770342], [1627776000000, 2.298012324484242], [1627776000000, 2.298012324484242], [1627776000000, 2.298012324484242], [1627776000000, 2.298012324484242], [1627776000000, 2.298012324484242], [1627776000000, 2.298012324484242], [1627776000000, 2.298012324484242], [1627776000000, 2.298012324484242], [1630454400000, 1.595793237478458], [1630454400000, 1.595793237478458], [1630454400000, 1.595793237478458], [1630454400000, 1.595793237478458], [1630454400000, 1.595793237478458], [1630454400000, 1.595793237478458], [1630454400000, 1.595793237478458], [1630454400000, 1.595793237478458], [1633046400000, 1.9455849571856967], [1633046400000, 1.9455849571856967], [1633046400000, 1.9455849571856967], [1633046400000, 1.9455849571856967], [1633046400000, 1.9455849571856967], [1633046400000, 1.9455849571856967], [1633046400000, 1.9455849571856967], [1633046400000, 1.9455849571856967], [1635724800000, 1.573308945534394], [1635724800000, 1.573308945534394], [1635724800000, 1.573308945534394], [1635724800000, 1.573308945534394], [1635724800000, 1.573308945534394], [1635724800000, 1.573308945534394], [1635724800000, 1.573308945534394], [1635724800000, 1.573308945534394], [1638316800000, 1.1386673081495324], [1638316800000, 1.1386673081495324], [1638316800000, 1.1386673081495324], [1638316800000, 1.1386673081495324], [1638316800000, 1.1386673081495324], [1638316800000, 1.1386673081495324], [1638316800000, 1.1386673081495324], [1638316800000, 1.1386673081495324], [1640995200000, 2.637539212413608], [1640995200000, 2.637539212413608], [1640995200000, 2.637539212413608], [1640995200000, 2.637539212413608], [1640995200000, 2.637539212413608], [1640995200000, 2.637539212413608], [1640995200000, 2.637539212413608], [1640995200000, 2.637539212413608]],