{"singleline": [[1619827200000, -0.41201245842842005, 5, 2021], [1622505600000, -0.12629483880957723, 6, 2021], [1625097600000, -0.023599619790504848, 7, 2021], [1627776000000, -0.12156383097059123, 8, 2021], [1630454400000, 0.2731619789233802, 9, 2021], [1633046400000, 0.25205044374614705, 10, 2021], [1635724800000, -0.18360943600763216, 11, 2021], [1638316800000, -0.4303227533755, 12, 2021], [1640995200000, 0.5686689436683552, 1, 2022]], "multiline": {"min": [[1619827200000, -0.795078730170605], [1619827200000, -0.795078730170605], [1619827200000, -0.795078730170605], [1619827200000, -0.795078730170605], [1619827200000, -0.795078730170605], [1619827200000, -0.795078730170605], [1619827200000, -0.795078730170605], [1619827200000, -0.795078730170605], [1622505600000, -0.8896975355605865], [1622505600000, -0.8896975355605865], [1622505600000, -0.8896975355605865], [1622505600000, -0.8896975355605865], [1622505600000, -0.8896975355605865], [1622505600000, -0.8896975355605865], [1622505600000, -0.8896975355605865], [1622505600000, -0.8896975355605865], [1625097600000, -1.5937435956251236], [1625097600000, -1.5937435956251236], [1625097600000, -1.5937435956251236], [1625097600000, -1.5937435956251236], [1625097600000, -1.5937435956251236], [1625097600000, -1.5937435956251236], [1625097600000, -1.5937435956251236], [1625097600000, -1.5937435956251236], [1627776000000, -1.5934591040826374], [1627776000000, -1.5934591040826374], [1627776000000, -1.5934591040826374], [1627776000000, -1.5934591040826374], [1627776000000, -1.5934591040826374], [1627776000000, -1.5934591040826374], [1627776000000, -1.5934591040826374], [1627776000000, -1.5934591040826374], [1630454400000, -0.32212581972701737], [1630454400000, -0.32212581972701737], [1630454400000, -0.32212581972701737], [1630454400000, -0.32212581972701737], [1630454400000, -0.32212581972701737], [1630454400000, -0.32212581972701737], [1630454400000, -0.32212581972701737], [1630454400000, -0.32212581972701737], [1633046400000, -1.3328030614122268], [1633046400000, -1.3328030614122268], [1633046400000, -1.3328030614122268], [1633046400000, -1.3328030614122268], [1633046400000, -1.3328030614122268], [1633046400000, -1.3328030614122268], [1633046400000, -1.3328030614122268], [1633046400000, -1.3328030614122268], [1635724800000, -1.5057497764787366], [1635724800000, -1.5057497764787366], [1635724800000, -1.5057497764787366], [1635724800000, -1.5057497764787366], [1635724800000, -1.5057497764787366], [1635724800000, -1.5057497764787366], [1635724800000, -1.5057497764787366], [1635724800000, -1.5057497764787366], [1638316800000, -1.58583669420532], [1638316800000, -1.58583669420532], [1638316800000, -1.58583669420532], [1638316800000, -1.58583669420532], [1638316800000, -1.58583669420532], [1638316800000, -1.58583669420532], [1638316800000, -1.58583669420532], [1638316800000, -1.58583669420532], [1640995200000, -0.05208840409809503], [1640995200000, -0.05208840409809503], [1640995200000, -0.05208840409809503], [1640995200000, -0.05208840409809503], [1640995200000, -0.05208840409809503], [1640995200000, -0.05208840409809503], [1640995200000, -0.05208840409809503], [1640995200000, -0.05208840409809503]], "max": [[1619827200000, -0.022261592920654282], [1619827200000, -0.022261592920654282], [1619827200000, -0.022261592920654282], [1619827200000, -0.022261592920654282], [1619827200000, -0.022261592920654282], [1619827200000, -0.022261592920654282], [1619827200000, -0.022261592920654282], [1619827200000, -0.022261592920654282], [1622505600000, 1.0826091209566722], [1622505600000, 1.0826091209566722], [1622505600000, 1.0826091209566722], [1622505600000, 1.0826091209566722], [1622505600000, 1.0826091209566722], [1622505600000, 1.0826091209566722], [1622505600000, 1.0826091209566722], [1622505600000, 1.0826091209566722], [1625097600000, 1.2964365887906282], [1625097600000, 1.2964365887906282], [1625097600000, 1.2964365887906282], [1625097600000, 1.2964365887906282], [1625097600000, 1.2964365887906282], [1625097600000, 1.2964365887906282], [1625097600000, 1.2964365887906282], [1625097600000, 1.2964365887906282], [1627776000000, 1.7866224299275106], [1627776000000, 1.7866224299275106], [1627776000000, 1.7866224299275106], [1627776000000, 1.7866224299275106], [1627776000000, 1.7866224299275106], [1627776000000, 1.7866224299275106], [1627776000000, 1.7866224299275106], [1627776000000, 1.7866224299275106], [1630454400000, 1.21617734938189], [1630454400000, 1.21617734938189], [1630454400000, 1.21617734938189], [1630454400000, 1.21617734938189], [1630454400000, 1.21617734938189], [1630454400000, 1.21617734938189], [1630454400000, 1.21617734938189], [1630454400000, 1.21617734938189], [1633046400000, 1.5054692545885682], [1633046400000, 1.5054692545885682], [1633046400000, 1.5054692545885682], [1633046400000, 1.5054692545885682], [1633046400000, 1.5054692545885682], [1633046400000, 1.5054692545885682], [1633046400000, 1.5054692545885682], [1633046400000, 1.5054692545885682], [1635724800000, 0.7828973671922119], [1635724800000, 0.7828973671922119], [1635724800000, 0.7828973671922119], [1635724800000, 0.7828973671922119], [1635724800000, 0.7828973671922119], [1635724800000, 0.7828973671922119], [1635724800000, 0.7828973671922119], [1635724800000, 0.7828973671922119], [1638316800000, 0.5875013795511056], [1638316800000, 0.5875013795511056], [1638316800000, 0.5875013795511056], [1638316800000, 0.5875013795511056], [1638316800000, 0.5875013795511056], [1638316800000, 0.5875013795511056], [1638316800000, 0.5875013795511056], [1638316800000, 0.5875013795511056], [1640995200000, 2.006479913669248], [1640995200000, 2.006479913669248], [1640995200000, 2.006479913669248], [1640995200000, 2.006479913669248], [1640995200000, 2.006479913669248], [1640995200000, 2.006479913669248], [1640995200000, 2.006479913669248], [1640995200000, 2.006479913669248]],