{"singleline": [[1619827200000, -1.1315340456508456, 5, 2021], [1622505600000, -0.3322062923439911, 6, 2021], [1625097600000, 0.1539886657680784, 7, 2021], [1627776000000, -0.19492362829900922, 8, 2021], [1630454400000, 0.8968249946123078, 9, 2021], [1633046400000, 0.42416049415866536, 10, 2021], [1635724800000, -0.501924349793366, 11, 2021], [1638316800000, -0.36042067036032677, 12, 2021], [1640995200000, 0.08965221725936447, 1, 2022]], "multiline": {"min": [[1619827200000, -2.2334110680080594], [1619827200000, -2.2334110680080594], [1619827200000, -2.2334110680080594], [1619827200000, -2.2334110680080594], [1619827200000, -2.2334110680080594], [1619827200000, -2.2334110680080594], [1619827200000, -2.2334110680080594], [1619827200000, -2.2334110680080594], [1622505600000, -2.4920174053737094], [1622505600000, -2.4920174053737094], [1622505600000, -2.4920174053737094], [1622505600000, -2.4920174053737094], [1622505600000, -2.4920174053737094], [1622505600000, -2.4920174053737094], [1622505600000, -2.4920174053737094], [1622505600000, -2.4920174053737094], [1625097600000, -0.954579913190433], [1625097600000, -0.954579913190433], [1625097600000, -0.954579913190433], [1625097600000, -0.954579913190433], [1625097600000, -0.954579913190433], [1625097600000, -0.954579913190433], [1625097600000, -0.954579913190433], [1625097600000, -0.954579913190433], [1627776000000, -2.0108919597807384], [1627776000000, -2.0108919597807384], [1627776000000, -2.0108919597807384], [1627776000000, -2.0108919597807384], [1627776000000, -2.0108919597807384], [1627776000000, -2.0108919597807384], [1627776000000, -2.0108919597807384], [1627776000000, -2.0108919597807384], [1630454400000, -1.0796203045617967], [1630454400000, -1.0796203045617967], [1630454400000, -1.0796203045617967], [1630454400000, -1.0796203045617967], [1630454400000, -1.0796203045617967], [1630454400000, -1.0796203045617967], [1630454400000, -1.0796203045617967], [1630454400000, -1.0796203045617967], [1633046400000, -0.5109561816567466], [1633046400000, -0.5109561816567466], [1633046400000, -0.5109561816567466], [1633046400000, -0.5109561816567466], [1633046400000, -0.5109561816567466], [1633046400000, -0.5109561816567466], [1633046400000, -0.5109561816567466], [1633046400000, -0.5109561816567466], [1635724800000, -2.3848394609632946], [1635724800000, -2.3848394609632946], [1635724800000, -2.3848394609632946], [1635724800000, -2.3848394609632946], [1635724800000, -2.3848394609632946], [1635724800000, -2.3848394609632946], [1635724800000, -2.3848394609632946], [1635724800000, -2.3848394609632946], [1638316800000, -1.472974419593811], [1638316800000, -1.472974419593811], [1638316800000, -1.472974419593811], [1638316800000, -1.472974419593811], [1638316800000, -1.472974419593811], [1638316800000, -1.472974419593811], [1638316800000, -1.472974419593811], [1638316800000, -1.472974419593811], [1640995200000, -2.8327657949356806], [1640995200000, -2.8327657949356806], [1640995200000, -2.8327657949356806], [1640995200000, -2.8327657949356806], [1640995200000, -2.8327657949356806], [1640995200000, -2.8327657949356806], [1640995200000, -2.8327657949356806], [1640995200000, -2.8327657949356806]], "max": [[1619827200000, -0.33828953583724797], [1619827200000, -0.33828953583724797], [1619827200000, -0.33828953583724797], [1619827200000, -0.33828953583724797], [1619827200000, -0.33828953583724797], [1619827200000, -0.33828953583724797], [1619827200000, -0.33828953583724797], [1619827200000, -0.33828953583724797], [1622505600000, 0.9705217480659485], [1622505600000, 0.9705217480659485], [1622505600000, 0.9705217480659485], [1622505600000, 0.9705217480659485], [1622505600000, 0.9705217480659485], [1622505600000, 0.9705217480659485], [1622505600000, 0.9705217480659485], [1622505600000, 0.9705217480659485], [1625097600000, 1.4115680308702092], [1625097600000, 1.4115680308702092], [1625097600000, 1.4115680308702092], [1625097600000, 1.4115680308702092], [1625097600000, 1.4115680308702092], [1625097600000, 1.4115680308702092], [1625097600000, 1.4115680308702092], [1625097600000, 1.4115680308702092], [1627776000000, 0.9944817604763168], [1627776000000, 0.9944817604763168], [1627776000000, 0.9944817604763168], [1627776000000, 0.9944817604763168], [1627776000000, 0.9944817604763168], [1627776000000, 0.9944817604763168], [1627776000000, 0.9944817604763168], [1627776000000, 0.9944817604763168], [1630454400000, 1.8097759173029946], [1630454400000, 1.8097759173029946], [1630454400000, 1.8097759173029946], [1630454400000, 1.8097759173029946], [1630454400000, 1.8097759173029946], [1630454400000, 1.8097759173029946], [1630454400000, 1.8097759173029946], [1630454400000, 1.8097759173029946], [1633046400000, 1.3504536208652316], [1633046400000, 1.3504536208652316], [1633046400000, 1.3504536208652316], [1633046400000, 1.3504536208652316], [1633046400000, 1.3504536208652316], [1633046400000, 1.3504536208652316], [1633046400000, 1.3504536208652316], [1633046400000, 1.3504536208652316], [1635724800000, 1.804828785714649], [1635724800000, 1.804828785714649], [1635724800000, 1.804828785714649], [1635724800000, 1.804828785714649], [1635724800000, 1.804828785714649], [1635724800000, 1.804828785714649], [1635724800000, 1.804828785714649], [1635724800000, 1.804828785714649], [1638316800000, 1.4544015725453694], [1638316800000, 1.4544015725453694], [1638316800000, 1.4544015725453694], [1638316800000, 1.4544015725453694], [1638316800000, 1.4544015725453694], [1638316800000, 1.4544015725453694], [1638316800000, 1.4544015725453694], [1638316800000, 1.4544015725453694], [1640995200000, 1.3941420486995153], [1640995200000, 1.3941420486995153], [1640995200000, 1.3941420486995153], [1640995200000, 1.3941420486995153], [1640995200000, 1.3941420486995153], [1640995200000, 1.3941420486995153], [1640995200000, 1.3941420486995153], [1640995200000, 1.3941420486995153]],