{"singleline": [[1619827200000, -0.6712831684484687, 5, 2021], [1622505600000, 1.0454737028816121, 6, 2021], [1625097600000, -1.0183392854881994, 7, 2021], [1627776000000, -1.3096924952026738, 8, 2021], [1630454400000, -0.4712678648797529, 9, 2021], [1633046400000, -0.6327113270887421, 10, 2021], [1635724800000, -0.08172556125755626, 11, 2021], [1638316800000, -0.23712233174179007, 12, 2021], [1640995200000, 0.042307977906957776, 1, 2022]], "multiline": {"min": [[1619827200000, -0.9438153733304818], [1619827200000, -0.9438153733304818], [1619827200000, -0.9438153733304818], [1619827200000, -0.9438153733304818], [1619827200000, -0.9438153733304818], [1619827200000, -0.9438153733304818], [1619827200000, -0.9438153733304818], [1619827200000, -0.9438153733304818], [1622505600000, -1.2383832321513693], [1622505600000, -1.2383832321513693], [1622505600000, -1.2383832321513693], [1622505600000, -1.2383832321513693], [1622505600000, -1.2383832321513693], [1622505600000, -1.2383832321513693], [1622505600000, -1.2383832321513693], [1622505600000, -1.2383832321513693], [1625097600000, -1.3608707827473903], [1625097600000, -1.3608707827473903], [1625097600000, -1.3608707827473903], [1625097600000, -1.3608707827473903], [1625097600000, -1.3608707827473903], [1625097600000, -1.3608707827473903], [1625097600000, -1.3608707827473903], [1625097600000, -1.3608707827473903], [1627776000000, -1.3096924952026738], [1627776000000, -1.3096924952026738], [1627776000000, -1.3096924952026738], [1627776000000, -1.3096924952026738], [1627776000000, -1.3096924952026738], [1627776000000, -1.3096924952026738], [1627776000000, -1.3096924952026738], [1627776000000, -1.3096924952026738], [1630454400000, -0.7063236143752654], [1630454400000, -0.7063236143752654], [1630454400000, -0.7063236143752654], [1630454400000, -0.7063236143752654], [1630454400000, -0.7063236143752654], [1630454400000, -0.7063236143752654], [1630454400000, -0.7063236143752654], [1630454400000, -0.7063236143752654], [1633046400000, -1.5834617737651613], [1633046400000, -1.5834617737651613], [1633046400000, -1.5834617737651613], [1633046400000, -1.5834617737651613], [1633046400000, -1.5834617737651613], [1633046400000, -1.5834617737651613], [1633046400000, -1.5834617737651613], [1633046400000, -1.5834617737651613], [1635724800000, -0.9333429766192383], [1635724800000, -0.9333429766192383], [1635724800000, -0.9333429766192383], [1635724800000, -0.9333429766192383], [1635724800000, -0.9333429766192383], [1635724800000, -0.9333429766192383], [1635724800000, -0.9333429766192383], [1635724800000, -0.9333429766192383], [1638316800000, -2.1782278715447396], [1638316800000, -2.1782278715447396], [1638316800000, -2.1782278715447396], [1638316800000, -2.1782278715447396], [1638316800000, -2.1782278715447396], [1638316800000, -2.1782278715447396], [1638316800000, -2.1782278715447396], [1638316800000, -2.1782278715447396], [1640995200000, -0.3925605805345046], [1640995200000, -0.3925605805345046], [1640995200000, -0.3925605805345046], [1640995200000, -0.3925605805345046], [1640995200000, -0.3925605805345046], [1640995200000, -0.3925605805345046], [1640995200000, -0.3925605805345046], [1640995200000, -0.3925605805345046]], "max": [[1619827200000, -0.5194892999490276], [1619827200000, -0.5194892999490276], [1619827200000, -0.5194892999490276], [1619827200000, -0.5194892999490276], [1619827200000, -0.5194892999490276], [1619827200000, -0.5194892999490276], [1619827200000, -0.5194892999490276], [1619827200000, -0.5194892999490276], [1622505600000, 1.0454737028816121], [1622505600000, 1.0454737028816121], [1622505600000, 1.0454737028816121], [1622505600000, 1.0454737028816121], [1622505600000, 1.0454737028816121], [1622505600000, 1.0454737028816121], [1622505600000, 1.0454737028816121], [1622505600000, 1.0454737028816121], [1625097600000, 1.311275209500394], [1625097600000, 1.311275209500394], [1625097600000, 1.311275209500394], [1625097600000, 1.311275209500394], [1625097600000, 1.311275209500394], [1625097600000, 1.311275209500394], [1625097600000, 1.311275209500394], [1625097600000, 1.311275209500394], [1627776000000, 1.6322935691513638], [1627776000000, 1.6322935691513638], [1627776000000, 1.6322935691513638], [1627776000000, 1.6322935691513638], [1627776000000, 1.6322935691513638], [1627776000000, 1.6322935691513638], [1627776000000, 1.6322935691513638], [1627776000000, 1.6322935691513638], [1630454400000, 1.382000790301137], [1630454400000, 1.382000790301137], [1630454400000, 1.382000790301137], [1630454400000, 1.382000790301137], [1630454400000, 1.382000790301137], [1630454400000, 1.382000790301137], [1630454400000, 1.382000790301137], [1630454400000, 1.382000790301137], [1633046400000, 1.7117510419063442], [1633046400000, 1.7117510419063442], [1633046400000, 1.7117510419063442], [1633046400000, 1.7117510419063442], [1633046400000, 1.7117510419063442], [1633046400000, 1.7117510419063442], [1633046400000, 1.7117510419063442], [1633046400000, 1.7117510419063442], [1635724800000, 2.611372943201692], [1635724800000, 2.611372943201692], [1635724800000, 2.611372943201692], [1635724800000, 2.611372943201692], [1635724800000, 2.611372943201692], [1635724800000, 2.611372943201692], [1635724800000, 2.611372943201692], [1635724800000, 2.611372943201692], [1638316800000, 1.110359217168516], [1638316800000, 1.110359217168516], [1638316800000, 1.110359217168516], [1638316800000, 1.110359217168516], [1638316800000, 1.110359217168516], [1638316800000, 1.110359217168516], [1638316800000, 1.110359217168516], [1638316800000, 1.110359217168516], [1640995200000, 0.49560163832467163], [1640995200000, 0.49560163832467163], [1640995200000, 0.49560163832467163], [1640995200000, 0.49560163832467163], [1640995200000, 0.49560163832467163], [1640995200000, 0.49560163832467163], [1640995200000, 0.49560163832467163], [1640995200000, 0.49560163832467163]],