{"singleline": [[1619827200000, -1.1421386487816838, 5, 2021], [1622505600000, -0.35229079988541223, 6, 2021], [1625097600000, -0.8867544397697819, 7, 2021], [1627776000000, -1.3359691400471099, 8, 2021], [1630454400000, -0.9498301140123286, 9, 2021], [1633046400000, -0.17103902250121897, 10, 2021], [1635724800000, -0.8601928011298254, 11, 2021], [1638316800000, -0.8963869689926598, 12, 2021], [1640995200000, -0.13408688124399307, 1, 2022]], "multiline": {"min": [[1619827200000, -2.2967806363924224], [1619827200000, -2.2967806363924224], [1619827200000, -2.2967806363924224], [1619827200000, -2.2967806363924224], [1619827200000, -2.2967806363924224], [1619827200000, -2.2967806363924224], [1619827200000, -2.2967806363924224], [1619827200000, -2.2967806363924224], [1622505600000, -1.9677940089861743], [1622505600000, -1.9677940089861743], [1622505600000, -1.9677940089861743], [1622505600000, -1.9677940089861743], [1622505600000, -1.9677940089861743], [1622505600000, -1.9677940089861743], [1622505600000, -1.9677940089861743], [1622505600000, -1.9677940089861743], [1625097600000, -2.2209374792490646], [1625097600000, -2.2209374792490646], [1625097600000, -2.2209374792490646], [1625097600000, -2.2209374792490646], [1625097600000, -2.2209374792490646], [1625097600000, -2.2209374792490646], [1625097600000, -2.2209374792490646], [1625097600000, -2.2209374792490646], [1627776000000, -2.554471657809568], [1627776000000, -2.554471657809568], [1627776000000, -2.554471657809568], [1627776000000, -2.554471657809568], [1627776000000, -2.554471657809568], [1627776000000, -2.554471657809568], [1627776000000, -2.554471657809568], [1627776000000, -2.554471657809568], [1630454400000, -2.266728610209099], [1630454400000, -2.266728610209099], [1630454400000, -2.266728610209099], [1630454400000, -2.266728610209099], [1630454400000, -2.266728610209099], [1630454400000, -2.266728610209099], [1630454400000, -2.266728610209099], [1630454400000, -2.266728610209099], [1633046400000, -1.0739781026417237], [1633046400000, -1.0739781026417237], [1633046400000, -1.0739781026417237], [1633046400000, -1.0739781026417237], [1633046400000, -1.0739781026417237], [1633046400000, -1.0739781026417237], [1633046400000, -1.0739781026417237], [1633046400000, -1.0739781026417237], [1635724800000, -2.1361569424190017], [1635724800000, -2.1361569424190017], [1635724800000, -2.1361569424190017], [1635724800000, -2.1361569424190017], [1635724800000, -2.1361569424190017], [1635724800000, -2.1361569424190017], [1635724800000, -2.1361569424190017], [1635724800000, -2.1361569424190017], [1638316800000, -2.846760485885651], [1638316800000, -2.846760485885651], [1638316800000, -2.846760485885651], [1638316800000, -2.846760485885651], [1638316800000, -2.846760485885651], [1638316800000, -2.846760485885651], [1638316800000, -2.846760485885651], [1638316800000, -2.846760485885651], [1640995200000, -1.3509903582872038], [1640995200000, -1.3509903582872038], [1640995200000, -1.3509903582872038], [1640995200000, -1.3509903582872038], [1640995200000, -1.3509903582872038], [1640995200000, -1.3509903582872038], [1640995200000, -1.3509903582872038], [1640995200000, -1.3509903582872038]], "max": [[1619827200000, -0.2803292756753874], [1619827200000, -0.2803292756753874], [1619827200000, -0.2803292756753874], [1619827200000, -0.2803292756753874], [1619827200000, -0.2803292756753874], [1619827200000, -0.2803292756753874], [1619827200000, -0.2803292756753874], [1619827200000, -0.2803292756753874], [1622505600000, 1.0826486675489688], [1622505600000, 1.0826486675489688], [1622505600000, 1.0826486675489688], [1622505600000, 1.0826486675489688], [1622505600000, 1.0826486675489688], [1622505600000, 1.0826486675489688], [1622505600000, 1.0826486675489688], [1622505600000, 1.0826486675489688], [1625097600000, 1.0646171431728357], [1625097600000, 1.0646171431728357], [1625097600000, 1.0646171431728357], [1625097600000, 1.0646171431728357], [1625097600000, 1.0646171431728357], [1625097600000, 1.0646171431728357], [1625097600000, 1.0646171431728357], [1625097600000, 1.0646171431728357], [1627776000000, -0.8809549188998498], [1627776000000, -0.8809549188998498], [1627776000000, -0.8809549188998498], [1627776000000, -0.8809549188998498], [1627776000000, -0.8809549188998498], [1627776000000, -0.8809549188998498], [1627776000000, -0.8809549188998498], [1627776000000, -0.8809549188998498], [1630454400000, 0.33390980945468096], [1630454400000, 0.33390980945468096], [1630454400000, 0.33390980945468096], [1630454400000, 0.33390980945468096], [1630454400000, 0.33390980945468096], [1630454400000, 0.33390980945468096], [1630454400000, 0.33390980945468096], [1630454400000, 0.33390980945468096], [1633046400000, 1.1334898336070527], [1633046400000, 1.1334898336070527], [1633046400000, 1.1334898336070527], [1633046400000, 1.1334898336070527], [1633046400000, 1.1334898336070527], [1633046400000, 1.1334898336070527], [1633046400000, 1.1334898336070527], [1633046400000, 1.1334898336070527], [1635724800000, 1.1624248764661147], [1635724800000, 1.1624248764661147], [1635724800000, 1.1624248764661147], [1635724800000, 1.1624248764661147], [1635724800000, 1.1624248764661147], [1635724800000, 1.1624248764661147], [1635724800000, 1.1624248764661147], [1635724800000, 1.1624248764661147], [1638316800000, 0.22773905721267493], [1638316800000, 0.22773905721267493], [1638316800000, 0.22773905721267493], [1638316800000, 0.22773905721267493], [1638316800000, 0.22773905721267493], [1638316800000, 0.22773905721267493], [1638316800000, 0.22773905721267493], [1638316800000, 0.22773905721267493], [1640995200000, 0.8674941893591211], [1640995200000, 0.8674941893591211], [1640995200000, 0.8674941893591211], [1640995200000, 0.8674941893591211], [1640995200000, 0.8674941893591211], [1640995200000, 0.8674941893591211], [1640995200000, 0.8674941893591211], [1640995200000, 0.8674941893591211]],