{"singleline": [[1619827200000, 0.002669125198325001, 5, 2021], [1622505600000, 0.02145821998868524, 6, 2021], [1625097600000, -0.2515571815280887, 7, 2021], [1627776000000, -0.6106904539504896, 8, 2021], [1630454400000, -0.46543585765096496, 9, 2021], [1633046400000, -0.69627885167614, 10, 2021], [1635724800000, -1.1457992345746886, 11, 2021], [1638316800000, -1.0109242009201946, 12, 2021], [1640995200000, -0.6336166581402316, 1, 2022]], "multiline": {"min": [[1619827200000, -1.089820479044494], [1619827200000, -1.089820479044494], [1619827200000, -1.089820479044494], [1619827200000, -1.089820479044494], [1619827200000, -1.089820479044494], [1619827200000, -1.089820479044494], [1619827200000, -1.089820479044494], [1619827200000, -1.089820479044494], [1622505600000, -1.8050490423613905], [1622505600000, -1.8050490423613905], [1622505600000, -1.8050490423613905], [1622505600000, -1.8050490423613905], [1622505600000, -1.8050490423613905], [1622505600000, -1.8050490423613905], [1622505600000, -1.8050490423613905], [1622505600000, -1.8050490423613905], [1625097600000, -0.9434261340674116], [1625097600000, -0.9434261340674116], [1625097600000, -0.9434261340674116], [1625097600000, -0.9434261340674116], [1625097600000, -0.9434261340674116], [1625097600000, -0.9434261340674116], [1625097600000, -0.9434261340674116], [1625097600000, -0.9434261340674116], [1627776000000, -1.1338089876365198], [1627776000000, -1.1338089876365198], [1627776000000, -1.1338089876365198], [1627776000000, -1.1338089876365198], [1627776000000, -1.1338089876365198], [1627776000000, -1.1338089876365198], [1627776000000, -1.1338089876365198], [1627776000000, -1.1338089876365198], [1630454400000, -1.2118950531206745], [1630454400000, -1.2118950531206745], [1630454400000, -1.2118950531206745], [1630454400000, -1.2118950531206745], [1630454400000, -1.2118950531206745], [1630454400000, -1.2118950531206745], [1630454400000, -1.2118950531206745], [1630454400000, -1.2118950531206745], [1633046400000, -1.8686759395877135], [1633046400000, -1.8686759395877135], [1633046400000, -1.8686759395877135], [1633046400000, -1.8686759395877135], [1633046400000, -1.8686759395877135], [1633046400000, -1.8686759395877135], [1633046400000, -1.8686759395877135], [1633046400000, -1.8686759395877135], [1635724800000, -2.5726437171197274], [1635724800000, -2.5726437171197274], [1635724800000, -2.5726437171197274], [1635724800000, -2.5726437171197274], [1635724800000, -2.5726437171197274], [1635724800000, -2.5726437171197274], [1635724800000, -2.5726437171197274], [1635724800000, -2.5726437171197274], [1638316800000, -2.146142789796879], [1638316800000, -2.146142789796879], [1638316800000, -2.146142789796879], [1638316800000, -2.146142789796879], [1638316800000, -2.146142789796879], [1638316800000, -2.146142789796879], [1638316800000, -2.146142789796879], [1638316800000, -2.146142789796879], [1640995200000, -1.7698072293953797], [1640995200000, -1.7698072293953797], [1640995200000, -1.7698072293953797], [1640995200000, -1.7698072293953797], [1640995200000, -1.7698072293953797], [1640995200000, -1.7698072293953797], [1640995200000, -1.7698072293953797], [1640995200000, -1.7698072293953797]], "max": [[1619827200000, 0.5264419778317805], [1619827200000, 0.5264419778317805], [1619827200000, 0.5264419778317805], [1619827200000, 0.5264419778317805], [1619827200000, 0.5264419778317805], [1619827200000, 0.5264419778317805], [1619827200000, 0.5264419778317805], [1619827200000, 0.5264419778317805], [1622505600000, 0.8645994537787809], [1622505600000, 0.8645994537787809], [1622505600000, 0.8645994537787809], [1622505600000, 0.8645994537787809], [1622505600000, 0.8645994537787809], [1622505600000, 0.8645994537787809], [1622505600000, 0.8645994537787809], [1622505600000, 0.8645994537787809], [1625097600000, 0.6543471704062691], [1625097600000, 0.6543471704062691], [1625097600000, 0.6543471704062691], [1625097600000, 0.6543471704062691], [1625097600000, 0.6543471704062691], [1625097600000, 0.6543471704062691], [1625097600000, 0.6543471704062691], [1625097600000, 0.6543471704062691], [1627776000000, -0.13360971184241818], [1627776000000, -0.13360971184241818], [1627776000000, -0.13360971184241818], [1627776000000, -0.13360971184241818], [1627776000000, -0.13360971184241818], [1627776000000, -0.13360971184241818], [1627776000000, -0.13360971184241818], [1627776000000, -0.13360971184241818], [1630454400000, -0.005584152241236081], [1630454400000, -0.005584152241236081], [1630454400000, -0.005584152241236081], [1630454400000, -0.005584152241236081], [1630454400000, -0.005584152241236081], [1630454400000, -0.005584152241236081], [1630454400000, -0.005584152241236081], [1630454400000, -0.005584152241236081], [1633046400000, 0.5799145244827966], [1633046400000, 0.5799145244827966], [1633046400000, 0.5799145244827966], [1633046400000, 0.5799145244827966], [1633046400000, 0.5799145244827966], [1633046400000, 0.5799145244827966], [1633046400000, 0.5799145244827966], [1633046400000, 0.5799145244827966], [1635724800000, 0.06157386167226834], [1635724800000, 0.06157386167226834], [1635724800000, 0.06157386167226834], [1635724800000, 0.06157386167226834], [1635724800000, 0.06157386167226834], [1635724800000, 0.06157386167226834], [1635724800000, 0.06157386167226834], [1635724800000, 0.06157386167226834], [1638316800000, 0.6362080359344973], [1638316800000, 0.6362080359344973], [1638316800000, 0.6362080359344973], [1638316800000, 0.6362080359344973], [1638316800000, 0.6362080359344973], [1638316800000, 0.6362080359344973], [1638316800000, 0.6362080359344973], [1638316800000, 0.6362080359344973], [1640995200000, 0.7404508125115401], [1640995200000, 0.7404508125115401], [1640995200000, 0.7404508125115401], [1640995200000, 0.7404508125115401], [1640995200000, 0.7404508125115401], [1640995200000, 0.7404508125115401], [1640995200000, 0.7404508125115401], [1640995200000, 0.7404508125115401]],