{"singleline": [[1619827200000, -0.5105454292186865, 5, 2021], [1622505600000, -0.9863573746874761, 6, 2021], [1625097600000, -2.1092762075567224, 7, 2021], [1627776000000, -1.8418029996914844, 8, 2021], [1630454400000, -0.5419860479940093, 9, 2021], [1633046400000, -0.5131680766913578, 10, 2021], [1635724800000, -1.4805731515967309, 11, 2021], [1638316800000, -0.9307362015877283, 12, 2021], [1640995200000, -1.7554879732696074, 1, 2022]], "multiline": {"min": [[1619827200000, -2.6275073899362322], [1619827200000, -2.6275073899362322], [1619827200000, -2.6275073899362322], [1619827200000, -2.6275073899362322], [1619827200000, -2.6275073899362322], [1619827200000, -2.6275073899362322], [1619827200000, -2.6275073899362322], [1619827200000, -2.6275073899362322], [1622505600000, -2.5202383763135825], [1622505600000, -2.5202383763135825], [1622505600000, -2.5202383763135825], [1622505600000, -2.5202383763135825], [1622505600000, -2.5202383763135825], [1622505600000, -2.5202383763135825], [1622505600000, -2.5202383763135825], [1622505600000, -2.5202383763135825], [1625097600000, -3.448919784627799], [1625097600000, -3.448919784627799], [1625097600000, -3.448919784627799], [1625097600000, -3.448919784627799], [1625097600000, -3.448919784627799], [1625097600000, -3.448919784627799], [1625097600000, -3.448919784627799], [1625097600000, -3.448919784627799], [1627776000000, -3.054793789103116], [1627776000000, -3.054793789103116], [1627776000000, -3.054793789103116], [1627776000000, -3.054793789103116], [1627776000000, -3.054793789103116], [1627776000000, -3.054793789103116], [1627776000000, -3.054793789103116], [1627776000000, -3.054793789103116], [1630454400000, -2.386928799737217], [1630454400000, -2.386928799737217], [1630454400000, -2.386928799737217], [1630454400000, -2.386928799737217], [1630454400000, -2.386928799737217], [1630454400000, -2.386928799737217], [1630454400000, -2.386928799737217], [1630454400000, -2.386928799737217], [1633046400000, -2.0140637898313485], [1633046400000, -2.0140637898313485], [1633046400000, -2.0140637898313485], [1633046400000, -2.0140637898313485], [1633046400000, -2.0140637898313485], [1633046400000, -2.0140637898313485], [1633046400000, -2.0140637898313485], [1633046400000, -2.0140637898313485], [1635724800000, -2.981857356720401], [1635724800000, -2.981857356720401], [1635724800000, -2.981857356720401], [1635724800000, -2.981857356720401], [1635724800000, -2.981857356720401], [1635724800000, -2.981857356720401], [1635724800000, -2.981857356720401], [1635724800000, -2.981857356720401], [1638316800000, -3.248460093835243], [1638316800000, -3.248460093835243], [1638316800000, -3.248460093835243], [1638316800000, -3.248460093835243], [1638316800000, -3.248460093835243], [1638316800000, -3.248460093835243], [1638316800000, -3.248460093835243], [1638316800000, -3.248460093835243], [1640995200000, -1.7554879732696074], [1640995200000, -1.7554879732696074], [1640995200000, -1.7554879732696074], [1640995200000, -1.7554879732696074], [1640995200000, -1.7554879732696074], [1640995200000, -1.7554879732696074], [1640995200000, -1.7554879732696074], [1640995200000, -1.7554879732696074]], "max": [[1619827200000, -0.19883372733908655], [1619827200000, -0.19883372733908655], [1619827200000, -0.19883372733908655], [1619827200000, -0.19883372733908655], [1619827200000, -0.19883372733908655], [1619827200000, -0.19883372733908655], [1619827200000, -0.19883372733908655], [1619827200000, -0.19883372733908655], [1622505600000, 0.8152220450845876], [1622505600000, 0.8152220450845876], [1622505600000, 0.8152220450845876], [1622505600000, 0.8152220450845876], [1622505600000, 0.8152220450845876], [1622505600000, 0.8152220450845876], [1622505600000, 0.8152220450845876], [1622505600000, 0.8152220450845876], [1625097600000, 0.4944122977190672], [1625097600000, 0.4944122977190672], [1625097600000, 0.4944122977190672], [1625097600000, 0.4944122977190672], [1625097600000, 0.4944122977190672], [1625097600000, 0.4944122977190672], [1625097600000, 0.4944122977190672], [1625097600000, 0.4944122977190672], [1627776000000, -1.4571989568972723], [1627776000000, -1.4571989568972723], [1627776000000, -1.4571989568972723], [1627776000000, -1.4571989568972723], [1627776000000, -1.4571989568972723], [1627776000000, -1.4571989568972723], [1627776000000, -1.4571989568972723], [1627776000000, -1.4571989568972723], [1630454400000, -0.5347025985374374], [1630454400000, -0.5347025985374374], [1630454400000, -0.5347025985374374], [1630454400000, -0.5347025985374374], [1630454400000, -0.5347025985374374], [1630454400000, -0.5347025985374374], [1630454400000, -0.5347025985374374], [1630454400000, -0.5347025985374374], [1633046400000, 0.4850393279203515], [1633046400000, 0.4850393279203515], [1633046400000, 0.4850393279203515], [1633046400000, 0.4850393279203515], [1633046400000, 0.4850393279203515], [1633046400000, 0.4850393279203515], [1633046400000, 0.4850393279203515], [1633046400000, 0.4850393279203515], [1635724800000, 0.6635292054756188], [1635724800000, 0.6635292054756188], [1635724800000, 0.6635292054756188], [1635724800000, 0.6635292054756188], [1635724800000, 0.6635292054756188], [1635724800000, 0.6635292054756188], [1635724800000, 0.6635292054756188], [1635724800000, 0.6635292054756188], [1638316800000, 0.4036728597729278], [1638316800000, 0.4036728597729278], [1638316800000, 0.4036728597729278], [1638316800000, 0.4036728597729278], [1638316800000, 0.4036728597729278], [1638316800000, 0.4036728597729278], [1638316800000, 0.4036728597729278], [1638316800000, 0.4036728597729278], [1640995200000, 0.764577740166359], [1640995200000, 0.764577740166359], [1640995200000, 0.764577740166359], [1640995200000, 0.764577740166359], [1640995200000, 0.764577740166359], [1640995200000, 0.764577740166359], [1640995200000, 0.764577740166359], [1640995200000, 0.764577740166359]],